{"nm":"Comp 1","mn":"","layers":[{"ty":4,"nm":"Shape Layer 3","mn":"","sr":1,"st":0,"op":480,"ip":0,"hd":false,"cl":"","ln":"","ddd":0,"bm":0,"tt":0,"hasMask":false,"td":0,"ao":0,"ks":{"a":{"a":0,"k":[-9.25,-61.25,0],"ix":1},"s":{"a":0,"k":[100,100,100],"ix":6},"sk":{"a":0,"k":0},"p":{"a":1,"k":[{"o":{"x":0.333,"y":0},"i":{"x":0.667,"y":1},"s":[400,400,0],"t":0},{"o":{"x":0.333,"y":0},"i":{"x":0.667,"y":1},"s":[400,421,0],"t":39.889},{"o":{"x":0.333,"y":0},"i":{"x":0.667,"y":1},"s":[400,372,0],"t":79.777},{"o":{"x":0.365,"y":0},"i":{"x":0.667,"y":1},"s":[400,492,0],"t":131},{"o":{"x":0.333,"y":0},"i":{"x":0.667,"y":1},"s":[400,325,0],"t":173},{"o":{"x":0.333,"y":0},"i":{"x":0.667,"y":1},"s":[400,361,0],"t":210},{"o":{"x":0.333,"y":0},"i":{"x":0.667,"y":1},"s":[400,345,0],"t":239.334},{"o":{"x":0.333,"y":0},"i":{"x":0.667,"y":1},"s":[400,369.8,0],"t":279.223},{"o":{"x":0.333,"y":0},"i":{"x":0.667,"y":1},"s":[400,357.6,0],"t":317.941},{"o":{"x":0.167,"y":0.167},"i":{"x":0.833,"y":0.833},"s":[400,400,0],"t":360}],"ix":2},"sa":{"a":0,"k":0},"o":{"a":0,"k":100,"ix":11},"r":{"a":1,"k":[{"o":{"x":0.333,"y":0},"i":{"x":0.667,"y":1},"s":[0],"t":62},{"o":{"x":0.333,"y":0},"i":{"x":0.667,"y":1},"s":[32],"t":119},{"o":{"x":0.333,"y":0},"i":{"x":0.667,"y":1},"s":[-8],"t":170},{"o":{"x":0.333,"y":0},"i":{"x":0.667,"y":1},"s":[4],"t":203},{"o":{"x":0.167,"y":0.167},"i":{"x":0.833,"y":0.833},"s":[0],"t":233}],"ix":10}},"ef":[],"shapes":[{"ty":"gr","bm":0,"cl":"","ln":"","hd":false,"mn":"ADBE Vector Group","nm":"Shape 2","ix":1,"cix":2,"np":3,"it":[{"ty":"sh","bm":0,"cl":"","ln":"","hd":false,"mn":"ADBE Vector Shape - Group","nm":"Path 1","ix":1,"d":1,"ks":{"a":1,"k":[{"o":{"x":0.333,"y":0},"i":{"x":0.667,"y":1},"s":[{"c":true,"i":[[0,0],[0,0],[0,0],[0,0],[0,0],[0,0]],"o":[[0,0],[0,0],[0,0],[0,0],[0,0],[0,0]],"v":[[37,-151.5],[-58.125,-122.5],[89.5,-81.5],[-111.5,-97],[-177,-31.5],[158.5,-66]]}],"t":0},{"o":{"x":0.333,"y":0},"i":{"x":0.667,"y":1},"s":[{"c":true,"i":[[0,0],[0,0],[0,0],[0,0],[0,0],[0,0]],"o":[[0,0],[0,0],[0,0],[0,0],[0,0],[0,0]],"v":[[37,-125],[-58.125,-109.25],[95.125,-81],[-107.875,-97.75],[-177,-57.625],[158.5,-66]]}],"t":60},{"o":{"x":0.333,"y":0},"i":{"x":0.667,"y":1},"s":[{"c":true,"i":[[0,0],[0,0],[0,0],[0,0],[0,0],[0,0]],"o":[[0,0],[0,0],[0,0],[0,0],[0,0],[0,0]],"v":[[33,-156.5],[-63.125,-112.5],[89.5,-83],[-111.5,-97],[-177,-1.5],[158.5,-66]]}],"t":120},{"o":{"x":0.333,"y":0},"i":{"x":0.667,"y":1},"s":[{"c":true,"i":[[0,0],[0,0],[0,0],[0,0],[0,0],[0,0]],"o":[[0,0],[0,0],[0,0],[0,0],[0,0],[0,0]],"v":[[37,-125],[-58.125,-109.25],[95.125,-81],[-107.875,-97.75],[-177,-57.625],[158.5,-66]]}],"t":180},{"o":{"x":0.333,"y":0},"i":{"x":0.667,"y":1},"s":[{"c":true,"i":[[0,0],[0,0],[0,0],[0,0],[0,0],[0,0]],"o":[[0,0],[0,0],[0,0],[0,0],[0,0],[0,0]],"v":[[37,-151.5],[-58.125,-122.5],[89.5,-81.5],[-111.5,-97],[-177,-31.5],[158.5,-66]]}],"t":240},{"o":{"x":0.333,"y":0},"i":{"x":0.667,"y":1},"s":[{"c":true,"i":[[0,0],[0,0],[0,0],[0,0],[0,0],[0,0]],"o":[[0,0],[0,0],[0,0],[0,0],[0,0],[0,0]],"v":[[37,-125],[-58.125,-109.25],[95.125,-81],[-107.875,-97.75],[-177,-57.625],[158.5,-66]]}],"t":300},{"o":{"x":0.167,"y":0.167},"i":{"x":0.833,"y":0.833},"s":[{"c":true,"i":[[0,0],[0,0],[0,0],[0,0],[0,0],[0,0]],"o":[[0,0],[0,0],[0,0],[0,0],[0,0],[0,0]],"v":[[37,-151.5],[-58.125,-122.5],[89.5,-81.5],[-111.5,-97],[-177,-31.5],[158.5,-66]]}],"t":360}],"ix":2}},{"ty":"st","bm":0,"cl":"","ln":"","hd":false,"mn":"ADBE Vector Graphic - Stroke","nm":"Stroke 1","lc":2,"lj":2,"ml":1,"o":{"a":0,"k":100,"ix":4},"w":{"a":0,"k":6,"ix":5},"d":[],"c":{"a":0,"k":[0.1294,0.1294,0.1294],"ix":3}},{"ty":"fl","bm":0,"cl":"","ln":"","hd":false,"mn":"ADBE Vector Graphic - Fill","nm":"Fill 1","c":{"a":0,"k":[0.7373,0.0588,0.0471],"ix":4},"r":1,"o":{"a":0,"k":100,"ix":5}},{"ty":"tr","a":{"a":0,"k":[0,0],"ix":1},"s":{"a":0,"k":[100,100],"ix":3},"sk":{"a":0,"k":0,"ix":4},"p":{"a":0,"k":[0,0],"ix":2},"r":{"a":0,"k":0,"ix":6},"sa":{"a":0,"k":0,"ix":5},"o":{"a":0,"k":100,"ix":7}}]},{"ty":"gr","bm":0,"cl":"","ln":"","hd":false,"mn":"ADBE Vector Group","nm":"Shape 1","ix":2,"cix":2,"np":3,"it":[{"ty":"sh","bm":0,"cl":"","ln":"","hd":false,"mn":"ADBE Vector Shape - Group","nm":"Path 1","ix":1,"d":1,"ks":{"a":1,"k":[{"o":{"x":0.333,"y":0},"i":{"x":0.667,"y":1},"s":[{"c":true,"i":[[0,0],[0,0],[0,0],[0,0],[0,0]],"o":[[0,0],[0,0],[0,0],[0,0],[0,0]],"v":[[-58.25,-122.5],[-76.75,-51],[-103,-49.375],[-83.5,16.5],[157,-66.5]]}],"t":0},{"o":{"x":0.333,"y":0},"i":{"x":0.667,"y":1},"s":[{"c":true,"i":[[0,0],[0,0],[0,0],[0,0],[0,0]],"o":[[0,0],[0,0],[0,0],[0,0],[0,0]],"v":[[-58.25,-109.25],[-76.75,-63.5],[-103,-61.875],[-85.5,7],[157,-66.5]]}],"t":60},{"o":{"x":0.333,"y":0},"i":{"x":0.667,"y":1},"s":[{"c":true,"i":[[0,0],[0,0],[0,0],[0,0],[0,0]],"o":[[0,0],[0,0],[0,0],[0,0],[0,0]],"v":[[-63.25,-112.5],[-76.75,-51],[-103,-49.375],[-83.5,16.5],[157,-66.5]]}],"t":120},{"o":{"x":0.333,"y":0},"i":{"x":0.667,"y":1},"s":[{"c":true,"i":[[0,0],[0,0],[0,0],[0,0],[0,0]],"o":[[0,0],[0,0],[0,0],[0,0],[0,0]],"v":[[-58.25,-109.25],[-76.75,-63.5],[-103,-61.875],[-85.5,7],[157,-66.5]]}],"t":180},{"o":{"x":0.333,"y":0},"i":{"x":0.667,"y":1},"s":[{"c":true,"i":[[0,0],[0,0],[0,0],[0,0],[0,0]],"o":[[0,0],[0,0],[0,0],[0,0],[0,0]],"v":[[-58.25,-122.5],[-76.75,-51],[-103,-49.375],[-83.5,16.5],[157,-66.5]]}],"t":240},{"o":{"x":0.333,"y":0},"i":{"x":0.667,"y":1},"s":[{"c":true,"i":[[0,0],[0,0],[0,0],[0,0],[0,0]],"o":[[0,0],[0,0],[0,0],[0,0],[0,0]],"v":[[-58.25,-109.25],[-76.75,-63.5],[-103,-61.875],[-85.5,7],[157,-66.5]]}],"t":300},{"o":{"x":0.167,"y":0.167},"i":{"x":0.833,"y":0.833},"s":[{"c":true,"i":[[0,0],[0,0],[0,0],[0,0],[0,0]],"o":[[0,0],[0,0],[0,0],[0,0],[0,0]],"v":[[-58.25,-122.5],[-76.75,-51],[-103,-49.375],[-83.5,16.5],[157,-66.5]]}],"t":360}],"ix":2}},{"ty":"st","bm":0,"cl":"","ln":"","hd":false,"mn":"ADBE Vector Graphic - Stroke","nm":"Stroke 1","lc":1,"lj":2,"ml":1,"o":{"a":0,"k":100,"ix":4},"w":{"a":0,"k":6,"ix":5},"d":[],"c":{"a":0,"k":[0.1294,0.1294,0.1294],"ix":3}},{"ty":"tr","a":{"a":0,"k":[0,0],"ix":1},"s":{"a":0,"k":[100,100],"ix":3},"sk":{"a":0,"k":0,"ix":4},"p":{"a":0,"k":[0,0],"ix":2},"r":{"a":0,"k":0,"ix":6},"sa":{"a":0,"k":0,"ix":5},"o":{"a":0,"k":100,"ix":7}}]},{"ty":"gr","bm":0,"cl":"","ln":"","hd":false,"mn":"ADBE Vector Group","nm":"Shape 3","ix":3,"cix":2,"np":3,"it":[{"ty":"sh","bm":0,"cl":"","ln":"","hd":false,"mn":"ADBE Vector Shape - Group","nm":"Path 1","ix":1,"d":1,"ks":{"a":1,"k":[{"o":{"x":0.333,"y":0},"i":{"x":0.667,"y":1},"s":[{"c":true,"i":[[0,0],[0,0],[0,0],[0,0],[0,0]],"o":[[0,0],[0,0],[0,0],[0,0],[0,0]],"v":[[-58.25,-122.5],[-76.75,-51],[-103,-49.375],[-90.75,-8.5],[157,-66.5]]}],"t":0},{"o":{"x":0.333,"y":0},"i":{"x":0.667,"y":1},"s":[{"c":true,"i":[[0,0],[0,0],[0,0],[0,0],[0,0]],"o":[[0,0],[0,0],[0,0],[0,0],[0,0]],"v":[[-58.25,-109.25],[-76.75,-63.5],[-103,-61.875],[-96.75,-37.75],[157,-66.5]]}],"t":60},{"o":{"x":0.333,"y":0},"i":{"x":0.667,"y":1},"s":[{"c":true,"i":[[0,0],[0,0],[0,0],[0,0],[0,0]],"o":[[0,0],[0,0],[0,0],[0,0],[0,0]],"v":[[-63.25,-112.5],[-76.75,-51],[-103,-49.375],[-90.75,-8.5],[157,-66.5]]}],"t":120},{"o":{"x":0.333,"y":0},"i":{"x":0.667,"y":1},"s":[{"c":true,"i":[[0,0],[0,0],[0,0],[0,0],[0,0]],"o":[[0,0],[0,0],[0,0],[0,0],[0,0]],"v":[[-58.25,-109.25],[-76.75,-63.5],[-103,-61.875],[-96.75,-37.75],[157,-66.5]]}],"t":180},{"o":{"x":0.333,"y":0},"i":{"x":0.667,"y":1},"s":[{"c":true,"i":[[0,0],[0,0],[0,0],[0,0],[0,0]],"o":[[0,0],[0,0],[0,0],[0,0],[0,0]],"v":[[-58.25,-122.5],[-76.75,-51],[-103,-49.375],[-90.75,-8.5],[157,-66.5]]}],"t":240},{"o":{"x":0.333,"y":0},"i":{"x":0.667,"y":1},"s":[{"c":true,"i":[[0,0],[0,0],[0,0],[0,0],[0,0]],"o":[[0,0],[0,0],[0,0],[0,0],[0,0]],"v":[[-58.25,-109.25],[-76.75,-63.5],[-103,-61.875],[-96.75,-37.75],[157,-66.5]]}],"t":300},{"o":{"x":0.167,"y":0.167},"i":{"x":0.833,"y":0.833},"s":[{"c":true,"i":[[0,0],[0,0],[0,0],[0,0],[0,0]],"o":[[0,0],[0,0],[0,0],[0,0],[0,0]],"v":[[-58.25,-122.5],[-76.75,-51],[-103,-49.375],[-90.75,-8.5],[157,-66.5]]}],"t":360}],"ix":2}},{"ty":"fl","bm":0,"cl":"","ln":"","hd":false,"mn":"ADBE Vector Graphic - Fill","nm":"Fill 1","c":{"a":0,"k":[0.8824,0.8824,0.8824],"ix":4},"r":1,"o":{"a":0,"k":100,"ix":5}},{"ty":"tr","a":{"a":0,"k":[0,0],"ix":1},"s":{"a":0,"k":[100,100],"ix":3},"sk":{"a":0,"k":0,"ix":4},"p":{"a":0,"k":[0,0],"ix":2},"r":{"a":0,"k":0,"ix":6},"sa":{"a":0,"k":0,"ix":5},"o":{"a":0,"k":100,"ix":7}}]},{"ty":"gr","bm":0,"cl":"","ln":"","hd":false,"mn":"ADBE Vector Group","nm":"Shape 4","ix":4,"cix":2,"np":3,"it":[{"ty":"sh","bm":0,"cl":"","ln":"","hd":false,"mn":"ADBE Vector Shape - Group","nm":"Path 1","ix":1,"d":1,"ks":{"a":1,"k":[{"o":{"x":0.333,"y":0},"i":{"x":0.667,"y":1},"s":[{"c":true,"i":[[0,0],[0,0],[0,0],[0,0],[0,0]],"o":[[0,0],[0,0],[0,0],[0,0],[0,0]],"v":[[-58.25,-122.5],[-76.75,-51],[-103,-49.375],[-83.5,16.5],[157,-66.5]]}],"t":0},{"o":{"x":0.333,"y":0},"i":{"x":0.667,"y":1},"s":[{"c":true,"i":[[0,0],[0,0],[0,0],[0,0],[0,0]],"o":[[0,0],[0,0],[0,0],[0,0],[0,0]],"v":[[-58.25,-109.25],[-76.75,-63.5],[-103,-61.875],[-85.5,7],[157,-66.5]]}],"t":60},{"o":{"x":0.333,"y":0},"i":{"x":0.667,"y":1},"s":[{"c":true,"i":[[0,0],[0,0],[0,0],[0,0],[0,0]],"o":[[0,0],[0,0],[0,0],[0,0],[0,0]],"v":[[-63.25,-112.5],[-76.75,-51],[-103,-49.375],[-83.5,16.5],[157,-66.5]]}],"t":120},{"o":{"x":0.333,"y":0},"i":{"x":0.667,"y":1},"s":[{"c":true,"i":[[0,0],[0,0],[0,0],[0,0],[0,0]],"o":[[0,0],[0,0],[0,0],[0,0],[0,0]],"v":[[-58.25,-109.25],[-76.75,-63.5],[-103,-61.875],[-85.5,7],[157,-66.5]]}],"t":180},{"o":{"x":0.333,"y":0},"i":{"x":0.667,"y":1},"s":[{"c":true,"i":[[0,0],[0,0],[0,0],[0,0],[0,0]],"o":[[0,0],[0,0],[0,0],[0,0],[0,0]],"v":[[-58.25,-122.5],[-76.75,-51],[-103,-49.375],[-83.5,16.5],[157,-66.5]]}],"t":240},{"o":{"x":0.333,"y":0},"i":{"x":0.667,"y":1},"s":[{"c":true,"i":[[0,0],[0,0],[0,0],[0,0],[0,0]],"o":[[0,0],[0,0],[0,0],[0,0],[0,0]],"v":[[-58.25,-109.25],[-76.75,-63.5],[-103,-61.875],[-85.5,7],[157,-66.5]]}],"t":300},{"o":{"x":0.167,"y":0.167},"i":{"x":0.833,"y":0.833},"s":[{"c":true,"i":[[0,0],[0,0],[0,0],[0,0],[0,0]],"o":[[0,0],[0,0],[0,0],[0,0],[0,0]],"v":[[-58.25,-122.5],[-76.75,-51],[-103,-49.375],[-83.5,16.5],[157,-66.5]]}],"t":360}],"ix":2}},{"ty":"fl","bm":0,"cl":"","ln":"","hd":false,"mn":"ADBE Vector Graphic - Fill","nm":"Fill 1","c":{"a":0,"k":[1,1,1],"ix":4},"r":1,"o":{"a":0,"k":100,"ix":5}},{"ty":"tr","a":{"a":0,"k":[0,0],"ix":1},"s":{"a":0,"k":[100,100],"ix":3},"sk":{"a":0,"k":0,"ix":4},"p":{"a":0,"k":[0,0],"ix":2},"r":{"a":0,"k":0,"ix":6},"sa":{"a":0,"k":0,"ix":5},"o":{"a":0,"k":100,"ix":7}}]}],"ind":0},{"ty":4,"nm":"line 2","mn":"","sr":1,"st":0,"op":480,"ip":0,"hd":false,"cl":"","ln":"","ddd":0,"bm":0,"tt":0,"hasMask":false,"td":0,"ao":0,"ks":{"a":{"a":0,"k":[-157,-41,0],"ix":1},"s":{"a":0,"k":[100,100,100],"ix":6},"sk":{"a":0,"k":0},"p":{"a":1,"k":[{"o":{"x":0.333,"y":0},"i":{"x":0.667,"y":1},"s":[212,414,0],"t":0},{"o":{"x":0.333,"y":0},"i":{"x":0.667,"y":1},"s":[212,439,0],"t":39.889},{"o":{"x":0.333,"y":0},"i":{"x":0.667,"y":1},"s":[212,390,0],"t":79.777},{"o":{"x":0.365,"y":0},"i":{"x":0.667,"y":1},"s":[212,510,0],"t":131},{"o":{"x":0.333,"y":0},"i":{"x":0.667,"y":1},"s":[212,343,0],"t":173},{"o":{"x":0.333,"y":0},"i":{"x":0.667,"y":1},"s":[212,379,0],"t":210},{"o":{"x":0.333,"y":0},"i":{"x":0.667,"y":1},"s":[212,363,0],"t":239.334},{"o":{"x":0.333,"y":0},"i":{"x":0.667,"y":1},"s":[212,387.8,0],"t":279.223},{"o":{"x":0.333,"y":0},"i":{"x":0.667,"y":1},"s":[212,375.6,0],"t":317.941},{"o":{"x":0.167,"y":0.167},"i":{"x":0.833,"y":0.833},"s":[212,414,0],"t":360}],"ix":2},"sa":{"a":0,"k":0},"o":{"a":0,"k":100,"ix":11},"r":{"a":0,"k":0,"ix":10}},"ef":[],"shapes":[{"ty":"gr","bm":0,"cl":"","ln":"","hd":false,"mn":"ADBE Vector Group","nm":"Shape 1","ix":1,"cix":2,"np":3,"it":[{"ty":"sh","bm":0,"cl":"","ln":"","hd":false,"mn":"ADBE Vector Shape - Group","nm":"Path 1","ix":1,"d":1,"ks":{"a":1,"k":[{"o":{"x":0.167,"y":0.167},"i":{"x":0.833,"y":0.833},"s":[{"c":false,"i":[[0,0],[0,0]],"o":[[0,0],[0,0]],"v":[[-49,-41],[-265,-41]]}],"t":98},{"o":{"x":0.167,"y":0.167},"i":{"x":0.833,"y":0.833},"s":[{"c":false,"i":[[0,0],[34,-29.891]],"o":[[-63,35.109],[0,0]],"v":[[-49,-41],[-265,-41]]}],"t":115},{"o":{"x":0.167,"y":0.167},"i":{"x":0.833,"y":0.833},"s":[{"c":false,"i":[[0,0],[47,27.267]],"o":[[-68,-11.733],[0,0]],"v":[[-49,-41],[-265,-41]]}],"t":136},{"o":{"x":0.167,"y":0.167},"i":{"x":0.833,"y":0.833},"s":[{"c":false,"i":[[0,0],[51,7.729]],"o":[[-68,-11.733],[0,0]],"v":[[-49,-41],[-265,-41]]}],"t":158},{"o":{"x":0.167,"y":0.167},"i":{"x":0.833,"y":0.833},"s":[{"c":false,"i":[[0,0],[51,-19.308]],"o":[[-61,35.692],[0,0]],"v":[[-49,-41],[-265,-41]]}],"t":175},{"o":{"x":0.167,"y":0.167},"i":{"x":0.833,"y":0.833},"s":[{"c":false,"i":[[0,0],[57,-5.829]],"o":[[-58,0.171],[0,0]],"v":[[-49,-41],[-265,-41]]}],"t":208},{"o":{"x":0.167,"y":0.167},"i":{"x":0.833,"y":0.833},"s":[{"c":false,"i":[[0,0],[0,0]],"o":[[0,0],[0,0]],"v":[[-49,-41],[-265,-41]]}],"t":230}],"ix":2}},{"ty":"st","bm":0,"cl":"","ln":"","hd":false,"mn":"ADBE Vector Graphic - Stroke","nm":"Stroke 1","lc":2,"lj":1,"ml":4,"o":{"a":0,"k":100,"ix":4},"w":{"a":0,"k":6,"ix":5},"d":[{"nm":"dash","mn":"","n":"d","v":{"a":0,"k":57.6,"ix":1}},{"nm":"gap","mn":"","n":"g","v":{"a":0,"k":20.2,"ix":2}},{"nm":"dash2","mn":"","n":"d","v":{"a":0,"k":71,"ix":3}},{"nm":"offset","mn":"","n":"o","v":{"a":1,"k":[{"o":{"x":0.167,"y":0.167},"i":{"x":0.833,"y":0.833},"s":[0],"t":0},{"o":{"x":0.167,"y":0.167},"i":{"x":0.833,"y":0.833},"s":[-2975.7],"t":360}],"ix":7}}],"c":{"a":0,"k":[0.1294,0.1294,0.1294],"ix":3}},{"ty":"tr","a":{"a":0,"k":[0,0],"ix":1},"s":{"a":0,"k":[100,100],"ix":3},"sk":{"a":0,"k":0,"ix":4},"p":{"a":0,"k":[0,0],"ix":2},"r":{"a":0,"k":0,"ix":6},"sa":{"a":0,"k":0,"ix":5},"o":{"a":0,"k":100,"ix":7}}]}],"ind":1},{"ty":4,"nm":"line","mn":"","sr":1,"st":0,"op":480,"ip":0,"hd":false,"cl":"","ln":"","ddd":0,"bm":0,"tt":0,"hasMask":false,"td":0,"ao":0,"ks":{"a":{"a":0,"k":[-157,-41,0],"ix":1},"s":{"a":0,"k":[100,100,100],"ix":6},"sk":{"a":0,"k":0},"p":{"a":1,"k":[{"o":{"x":0.333,"y":0},"i":{"x":0.667,"y":1},"s":[247,354,0],"t":0},{"o":{"x":0.333,"y":0},"i":{"x":0.667,"y":1},"s":[247,379,0],"t":39.889},{"o":{"x":0.333,"y":0},"i":{"x":0.667,"y":1},"s":[247,330,0],"t":79.777},{"o":{"x":0.365,"y":0},"i":{"x":0.667,"y":1},"s":[247,450,0],"t":131},{"o":{"x":0.333,"y":0},"i":{"x":0.667,"y":1},"s":[247,283,0],"t":173},{"o":{"x":0.333,"y":0},"i":{"x":0.667,"y":1},"s":[247,319,0],"t":210},{"o":{"x":0.333,"y":0},"i":{"x":0.667,"y":1},"s":[247,303,0],"t":239.334},{"o":{"x":0.333,"y":0},"i":{"x":0.667,"y":1},"s":[247,327.8,0],"t":279.223},{"o":{"x":0.333,"y":0},"i":{"x":0.667,"y":1},"s":[247,315.6,0],"t":317.941},{"o":{"x":0.167,"y":0.167},"i":{"x":0.833,"y":0.833},"s":[247,354,0],"t":360}],"ix":2},"sa":{"a":0,"k":0},"o":{"a":0,"k":100,"ix":11},"r":{"a":0,"k":0,"ix":10}},"ef":[],"shapes":[{"ty":"gr","bm":0,"cl":"","ln":"","hd":false,"mn":"ADBE Vector Group","nm":"Shape 1","ix":1,"cix":2,"np":3,"it":[{"ty":"sh","bm":0,"cl":"","ln":"","hd":false,"mn":"ADBE Vector Shape - Group","nm":"Path 1","ix":1,"d":1,"ks":{"a":1,"k":[{"o":{"x":0.167,"y":0.167},"i":{"x":0.833,"y":0.833},"s":[{"c":false,"i":[[0,0],[0,0]],"o":[[0,0],[0,0]],"v":[[-49,-41],[-265,-41]]}],"t":80},{"o":{"x":0.167,"y":0.167},"i":{"x":0.833,"y":0.833},"s":[{"c":false,"i":[[0,0],[34,-29.891]],"o":[[-63,35.109],[0,0]],"v":[[-49,-41],[-265,-41]]}],"t":97},{"o":{"x":0.167,"y":0.167},"i":{"x":0.833,"y":0.833},"s":[{"c":false,"i":[[0,0],[47,27.267]],"o":[[-68,-11.733],[0,0]],"v":[[-49,-41],[-265,-41]]}],"t":118},{"o":{"x":0.167,"y":0.167},"i":{"x":0.833,"y":0.833},"s":[{"c":false,"i":[[0,0],[51,7.729]],"o":[[-68,-11.733],[0,0]],"v":[[-49,-41],[-265,-41]]}],"t":140},{"o":{"x":0.167,"y":0.167},"i":{"x":0.833,"y":0.833},"s":[{"c":false,"i":[[0,0],[51,-19.308]],"o":[[-61,35.692],[0,0]],"v":[[-49,-41],[-265,-41]]}],"t":157},{"o":{"x":0.167,"y":0.167},"i":{"x":0.833,"y":0.833},"s":[{"c":false,"i":[[0,0],[57,-5.829]],"o":[[-58,0.171],[0,0]],"v":[[-49,-41],[-265,-41]]}],"t":190},{"o":{"x":0.167,"y":0.167},"i":{"x":0.833,"y":0.833},"s":[{"c":false,"i":[[0,0],[0,0]],"o":[[0,0],[0,0]],"v":[[-49,-41],[-265,-41]]}],"t":212}],"ix":2}},{"ty":"st","bm":0,"cl":"","ln":"","hd":false,"mn":"ADBE Vector Graphic - Stroke","nm":"Stroke 1","lc":2,"lj":1,"ml":4,"o":{"a":0,"k":100,"ix":4},"w":{"a":0,"k":6,"ix":5},"d":[{"nm":"dash","mn":"","n":"d","v":{"a":0,"k":34.6,"ix":1}},{"nm":"gap","mn":"","n":"g","v":{"a":0,"k":22.9,"ix":2}},{"nm":"dash2","mn":"","n":"d","v":{"a":0,"k":23,"ix":3}},{"nm":"offset","mn":"","n":"o","v":{"a":1,"k":[{"o":{"x":0.167,"y":0.167},"i":{"x":0.833,"y":0.833},"s":[0],"t":0},{"o":{"x":0.167,"y":0.167},"i":{"x":0.833,"y":0.833},"s":[-2254.3],"t":360}],"ix":7}}],"c":{"a":0,"k":[0.1294,0.1294,0.1294],"ix":3}},{"ty":"tr","a":{"a":0,"k":[0,0],"ix":1},"s":{"a":0,"k":[100,100],"ix":3},"sk":{"a":0,"k":0,"ix":4},"p":{"a":0,"k":[0,0],"ix":2},"r":{"a":0,"k":0,"ix":6},"sa":{"a":0,"k":0,"ix":5},"o":{"a":0,"k":100,"ix":7}}]}],"ind":2}],"ddd":0,"h":800,"w":800,"meta":{"a":"","k":"","d":"","g":"@lottiefiles/toolkit-js 0.17.4","tc":"#ffffff"},"v":"5.6.9","fr":60,"op":360,"ip":0,"assets":[]}